标题,时间,链接
美总统拜登之子亨特·拜登对9项联邦税务罪表示不认罪,1月12日 05:20,https://news.sina.com.cn/w/2024-01-12/doc-inacfhpq1712108.shtml
伊朗外长与沙特外交大臣通电话 讨论双边及地区局势,1月12日 03:59,https://news.sina.com.cn/w/2024-01-12/doc-inacfafp2240643.shtml
苏里南前总统鲍特瑟被判处20年有期徒刑,1月12日 03:34,https://news.sina.com.cn/w/2024-01-12/doc-inacfafk2509047.shtml
阿根廷2023年累计通胀率达211.4%,1月12日 03:04,https://news.sina.com.cn/w/2024-01-12/doc-inacfafs1838749.shtml
一美国公民在俄罗斯被拘留 美国务院：已收到俄方通知,1月12日 02:34,https://news.sina.com.cn/w/2024-01-12/doc-inacevxr2362395.shtml
美方被曝担忧泽连斯基和乌军总司令“不和”：怕反攻新计划“难产”,1月11日 21:21,https://news.sina.com.cn/w/2024-01-11/doc-inacemit5797731.shtml
伊朗称在阿曼海域扣押一艘美国油轮,1月11日 21:21,https://news.sina.com.cn/w/2024-01-11/doc-inacemiy2187793.shtml
佩斯科夫：若美方没收俄罗斯海外资产 将导致严重后果,1月11日 20:30,https://news.sina.com.cn/w/2024-01-11/doc-inaceezx2696399.shtml
日本福岛一酒店生鱼片引发上百人中毒：年龄最小5岁最大91岁,1月11日 20:30,https://news.sina.com.cn/w/2024-01-11/doc-inaceezx2696394.shtml
拯救全球下沉速度最快大城市，印尼拟斥资4000亿元重启“巨型海堤”工程,1月11日 19:45,https://news.sina.com.cn/w/2024-01-11/doc-inaceezv5912086.shtml
阿富汗首都喀布尔突发爆炸事件,1月11日 19:12,https://news.sina.com.cn/w/2024-01-11/doc-inaceezx2682922.shtml
袭击李在明嫌犯“辩解书”中存在与尹锡悦政府相关内容，在野党要求重新调查,1月11日 18:51,https://news.sina.com.cn/w/2024-01-11/doc-inacefaa2293202.shtml
俄罗斯总统普京首次视察楚科奇自治区,1月11日 17:21,https://news.sina.com.cn/w/2024-01-11/doc-inaccytv5295856.shtml
巴布亚新几内亚总理宣布该国进入紧急状态,1月11日 16:41,https://news.sina.com.cn/w/2024-01-11/doc-inaccytw3066528.shtml
外交部：阿根廷已经主动向中方澄清,1月11日 16:34,https://news.sina.com.cn/w/2024-01-11/doc-inaccytw3065337.shtml
红海危机加剧，英美会对胡塞武装动武吗？,1月11日 15:41,https://news.sina.com.cn/w/2024-01-11/doc-inaccumx5403196.shtml
联合国一架直升机被劫持致1人死亡，2人下落不明,1月11日 15:23,https://news.sina.com.cn/o/2024-01-11/doc-inaccumy3179510.shtml
街头枪战、战车入城、警察遭劫…最年轻总统与最凶恶毒枭的“战争”,1月11日 15:20,https://news.sina.com.cn/w/2024-01-11/doc-inaccumx5398960.shtml
中国驻巴布亚新几内亚大使慰问当地遇袭侨胞,1月11日 15:18,https://news.sina.com.cn/o/2024-01-11/doc-inaccumy3178409.shtml
以军：我们能进入并摧毁黎巴嫩任何村庄,1月11日 15:14,https://news.sina.com.cn/w/2024-01-11/doc-inaccumy3177959.shtml
